<?xml version="1.0" encoding="UTF-8"?>

<!--Autogenerated by Cloudera Manager-->
<configuration>
  <property>
    <name>dfs.nameservices</name>
    <value>hdfs-production</value>
  </property>
  <property>
    <name>dfs.client.failover.proxy.provider.hdfs-production</name>
    <value>org.apache.hadoop.hdfs.server.namenode.ha.ConfiguredFailoverProxyProvider</value>
  </property>
  <property>
    <name>dfs.ha.automatic-failover.enabled.hdfs-production</name>
    <value>true</value>
  </property>
  <property>
    <name>ha.zookeeper.quorum</name>
    <value>Medusa001:2181,Medusa002:2181,Medusa005:2181,Medusa006:2181,Medusa007:2181</value>
  </property>
  <property>
    <name>dfs.ha.namenodes.hdfs-production</name>
    <value>namenode24,namenode229</value>
  </property>
  <property>
    <name>dfs.namenode.rpc-address.hdfs-production.namenode24</name>
    <value>Medusa001:8020</value>
  </property>
  <property>
    <name>dfs.namenode.servicerpc-address.hdfs-production.namenode24</name>
    <value>Medusa001:8022</value>
  </property>
  <property>
    <name>dfs.namenode.http-address.hdfs-production.namenode24</name>
    <value>Medusa001:50070</value>
  </property>
  <property>
    <name>dfs.namenode.https-address.hdfs-production.namenode24</name>
    <value>Medusa001:50470</value>
  </property>
  <property>
    <name>dfs.namenode.rpc-address.hdfs-production.namenode229</name>
    <value>Medusa002:8020</value>
  </property>
  <property>
    <name>dfs.namenode.servicerpc-address.hdfs-production.namenode229</name>
    <value>Medusa002:8022</value>
  </property>
  <property>
    <name>dfs.namenode.http-address.hdfs-production.namenode229</name>
    <value>Medusa002:50070</value>
  </property>
  <property>
    <name>dfs.namenode.https-address.hdfs-production.namenode229</name>
    <value>Medusa002:50470</value>
  </property>
  <property>
    <name>dfs.replication</name>
    <value>3</value>
  </property>
  <property>
    <name>dfs.blocksize</name>
    <value>134217728</value>
  </property>
  <property>
    <name>dfs.client.use.datanode.hostname</name>
    <value>false</value>
  </property>
  <property>
    <name>fs.permissions.umask-mode</name>
    <value>022</value>
  </property>
  <property>
    <name>dfs.namenode.acls.enabled</name>
    <value>false</value>
  </property>
  <property>
    <name>dfs.client.use.legacy.blockreader</name>
    <value>false</value>
  </property>
  <property>
    <name>dfs.client.read.shortcircuit</name>
    <value>false</value>
  </property>
  <property>
    <name>dfs.domain.socket.path</name>
    <value>/var/run/hdfs-sockets/dn</value>
  </property>
  <property>
    <name>dfs.client.read.shortcircuit.skip.checksum</name>
    <value>false</value>
  </property>
  <property>
    <name>dfs.client.domain.socket.data.traffic</name>
    <value>false</value>
  </property>
  <property>
    <name>dfs.datanode.hdfs-blocks-metadata.enabled</name>
    <value>true</value>
  </property>
</configuration>
